{
  "mu_Ca": {
    "mean": -44880.28837389333,
    "std": 16709.82194295391,
    "min": -142055.21,
    "max": -18659.46,
    "units": "J/mol",
    "note": "raw scale"
  },
  "mu_Mg": {
    "mean": -27425.710539093332,
    "std": 10551.487989467923,
    "min": -48554.45,
    "max": -10583.175,
    "units": "J/mol",
    "note": "raw scale"
  },
  "mu_Zn": {
    "mean": -42766.46775297333,
    "std": 17426.087080624195,
    "min": -143151.84,
    "max": -15745.126,
    "units": "J/mol",
    "note": "raw scale"
  },
  "Dv_Ca": {
    "mean": 2.4838911704697056e-12,
    "std": 5.2872378103265296e-12,
    "min": 5.661687e-23,
    "max": 2.9281999e-11,
    "units": "m\u00b2/s",
    "note": "raw scale"
  },
  "Dv_Mg": {
    "mean": 1.4957701189980317e-12,
    "std": 3.646487508317524e-12,
    "min": 1.3608264999999998e-25,
    "max": 3.4537655e-11,
    "units": "m\u00b2/s",
    "note": "raw scale"
  },
  "Dv_Zn": {
    "mean": 1.0025161320785829e-11,
    "std": 2.6371875132869174e-11,
    "min": 4.6656431e-25,
    "max": 2.7583311e-10,
    "units": "m\u00b2/s",
    "note": "raw scale"
  },
  "Vm": {
    "mean": 1.4773145663786667e-05,
    "std": 9.245064516859293e-07,
    "min": 1.2299523e-05,
    "max": 1.7397001e-05,
    "units": "m\u00b3/mol",
    "note": "raw scale"
  },
  "log_Dv_Ca": {
    "mean": -14.445088571895212,
    "std": 3.209817941513702,
    "min": -22.2470541437894,
    "max": -10.533399278534567,
    "units": "log10(m\u00b2/s)",
    "note": "log10-transformed \u2014 use this as model target"
  },
  "log_Dv_Mg": {
    "mean": -15.191292531531937,
    "std": 3.6758709801299685,
    "min": -24.86619724209705,
    "max": -10.461707153020242,
    "units": "log10(m\u00b2/s)",
    "note": "log10-transformed \u2014 use this as model target"
  },
  "log_Dv_Zn": {
    "mean": -14.14941145992225,
    "std": 3.4466518832126485,
    "min": -24.331088485779905,
    "max": -9.559353603906251,
    "units": "log10(m\u00b2/s)",
    "note": "log10-transformed \u2014 use this as model target"
  }
}