{
  "warning": "Scalers below are fit on the TRAINING SET ONLY (no data leakage). Always use these params for model training and inference.",
  "inputs": {
    "T": {
      "mean": 648.15,
      "std": 194.001265756034
    },
    "X_Ca": {
      "mean": 0.10000499952000001,
      "std": 0.05889856389105599
    },
    "X_Zn": {
      "mean": 0.1500050017,
      "std": 0.08834932044070888
    }
  },
  "outputs": {
    "mu_Ca": {
      "mean": -44880.28837389333,
      "std": 16709.710543769623
    },
    "mu_Mg": {
      "mean": -27425.710539093332,
      "std": 10551.417645980182
    },
    "mu_Zn": {
      "mean": -42766.46775297333,
      "std": 17425.970906323073
    },
    "log_Dv_Ca": {
      "mean": -14.445088571895212,
      "std": 3.209796542656095
    },
    "log_Dv_Mg": {
      "mean": -15.191292531531937,
      "std": 3.675846474241748
    },
    "log_Dv_Zn": {
      "mean": -14.14941145992225,
      "std": 3.4466289054568344
    },
    "Vm": {
      "mean": 1.4773145663786667e-05,
      "std": 9.245002882890399e-07
    }
  },
  "train_split_info": {
    "train_size": 52500,
    "val_size": 11250,
    "test_size": 11250,
    "total": 75000,
    "random_seed": 42,
    "train_ratio": 0.7,
    "val_ratio": 0.15,
    "test_ratio": 0.15
  },
  "inputs_train_only": {
    "T": {
      "mean": 648.5338094761905,
      "std": 194.0569112319232
    },
    "X_Ca": {
      "mean": 0.10024755308556191,
      "std": 0.058935768405740746
    },
    "X_Zn": {
      "mean": 0.1496744004844762,
      "std": 0.08820569893559273
    }
  },
  "outputs_train_only": {
    "mu_Ca": {
      "mean": -44871.967845447616,
      "std": 16666.12185709317
    },
    "mu_Mg": {
      "mean": -27446.396163219048,
      "std": 10551.207752793944
    },
    "mu_Zn": {
      "mean": -42791.675901695235,
      "std": 17404.368532202225
    },
    "log_Dv_Ca": {
      "mean": -14.440244174895822,
      "std": 3.211709173814136
    },
    "log_Dv_Mg": {
      "mean": -15.1859413480214,
      "std": 3.677190478212736
    },
    "log_Dv_Zn": {
      "mean": -14.14595430417282,
      "std": 3.44726332680437
    },
    "Vm": {
      "mean": 1.4778530509409522e-05,
      "std": 9.243531469857501e-07
    }
  }
}